Workbook

Sheet 測試案例
A1: Arkham 人工測試冊案 —— 測試案例表
A2: 測試日期 | F2: 判定:P 通過 / F 失敗 / B 阻斷 / N 未測
A3: 版本 / commit | F3: 手感:😀 順 / 😐 可用但卡 / 😖 不行
A4: 測試者 | F4: 優先:P0 阻斷級 / P1 主流程 / P2 邊緣
A5: 環境(OS/瀏覽器) | F5: 黃底儲存格 = 請填寫
A6: 伺服器位址 | F6: 每個 F / 😐 / 😖 請到「缺陷記錄」補一列
A8: 編號 | B8: 優先 | C8: 測試項目 | D8: 操作步驟 | E8: 預期結果 | F8: 實際結果 | G8: 判定 | H8: 手感 | I8: 重點問 / 備註
A9: 0. 前置作業
A10: PRE-01 | B10: P0 | C10: 啟動伺服器 | D10: 執行 scripts/start/start-server.command(mac)/ .bat(Win) | E10: 終端機印出區網 IP 與啟動完成
A11: PRE-02 | B11: P0 | C11: 開啟遊戲頁 | D11: 瀏覽器開 http://<主機IP>:8080/ | E11: 出現「阿卡姆驚魂記」主選單
A12: PRE-03 | B12: P0 | C12: 硬重新整理 | D12: Cmd+Shift+R(mac)/ Ctrl+F5(Win) | E12: 確保不是舊版畫面 | I12: 改版後必做
A13: PRE-04 | B13: P0 | C13: 雙人環境 | D13: 第二台或無痕視窗開同一網址 | E13: 顯示為另一個身分(不是同一人) | I13: 同機測雙人必須用無痕視窗
A14: A. 單人流程
A15: SOLO-01 | B15: P0 | C15: 首次進入 · 身分建立 | D15: 1. 輸入名字 2. 送出 | E15: 進入主選單,顯示「你好,<名字>」+「改名」連結 | I15: 知道這是「玩家名」不是角色名嗎?
A16: SOLO-02 | B16: P0 | C16: 開新檔案 · 建桌 | D16: 1.「+ 開新檔案」 2. 桌名隨意 3. 戰役選「🧪 測試沙盒」 4. 難度「簡單」 5. 建立桌次 | E16: 進入名冊畫面,自己 1 人、標示在線 | I16: 「戰役」「難度」看得懂嗎?
A17: SOLO-03 | B17: P1 | C17: 選角 + 選卡器 | D17: 1. 調查員下拉選 Joe Diamond 2. 按「🃏 完整選卡器」 3. 關閉選卡器 | E17: 名冊角色變 joe_diamond;選卡器可開、看得到卡池;關閉後回名冊 | I17: 知道不編牌組也能直接開打嗎?
A18: SOLO-04 | B18: P0 | C18: 開打 · 第一眼 | D18: 按「✓ 準備完成」 | E18: 切到戰役板:地圖(地點卡)、左上自身數據、右上回合小卡、下方手牌 | I18: 第一眼知道該做什麼嗎?❤️🧠 大數字清楚嗎?
A19: SOLO-05 | B19: P1 | C19: 移動 · 高亮引導 | D19: 1. 觀察地圖 2. 點可走的格子 | E19: 相鄰可走格有綠色呼吸外框 + 🚶,連線變綠;點擊後移動;行動用完綠框消失 | I19: 不用教就知道綠框=可走嗎?
A20: SOLO-06 | B20: P0 | C20: 調查 · 技能檢定 | D20: 1. 在有線索的格按「🔍 調查」 2. 投入面板選 0~2 張 3. 送出 | E20: ①面板顯示「基礎 X vs 難度 Y」 ②抽混沌標記動畫 ③成功/失敗彈窗 ④成功則線索 +1 | I20: 看得懂為什麼成功/失敗嗎?
A21: SOLO-07 | B21: P1 | C21: 打牌 + 啟動能力 | D21: 1. 手牌點「Field Toolkit」打出 2. 點檯面上那張卡啟動 3. 同一輪再點一次 | E21: 打出扣資源、進檯面;啟動 +2 資源、-1 行動;第二次被擋並說明原因 | I21: 知道「檯面卡可以點來啟動」嗎?
A22: SOLO-08 | B22: P0 | C22: 戰鬥 · 打擊回饋 | D22: 1. 走到「訓練場」 2. 對訓練假人「🤝 交戰」 3. 連續「⚔️ 戰鬥」到擊敗 | E22: 敵人卡有血條 + ❤️N/M;打中時卡片震動 + 飄 -N、血條縮短;擊敗時中央飄「☠️ 擊敗 訓練假人!」 | I22: 每一下有沒有打中、扣多少,看得出來嗎?
A23: SOLO-09 | B23: P0 | C23: 挨打 · 受擊回饋 | D23: 1. 走到「實戰巷」揭示(教官與你交戰) 2. 交戰中按「🎴 抽牌」吃趁隙攻擊 3. 直接按「✋ 我打完了」吃敵人階段攻擊 | E23: ①全螢幕紅閃 + 飄「-1 ❤️」 ②紫閃 + 「-1 🧠」 ③左上徽章彈跳、數字變色 ④回合小卡出現紅框警示「你被實戰教官纏住…」 | I23: 沒看文字 log 也知道被打了嗎?警示在按「我打完了」前就看到嗎?
A24: SOLO-10 | B24: P1 | C24: 閃避 · 教學有效性 | D24: 1. 對教官按「💨 閃避」直到成功 2. 按「✋ 我打完了」 | E24: 成功後敵人卡變灰 + 綠徽章「😴 已耗竭…」;閃避鈕停用;紅框警示消失;結束回合不挨打 | I24: 你相信「閃避完就安全」了嗎?
A25: B. 存檔 / 續玩
A26: SAVE-01 | B26: P0 | C26: 中途存檔 | D26: 1. 按「💾 保存並離開」 2. 彈窗選同意 | E26: 提示已存檔;回主選單;「我的本機存檔」出現該筆(桌名/章數) | I26: 知道存在自己電腦不是雲端嗎?
A27: SAVE-02 | B27: P0 | C27: 載入續玩 | D27: 1.「📂 加載存檔」 2. 選該筆載入 3. 按「我已就緒」 | E27: 回戰役板;位置/血量/線索/檯面卡/已擊敗敵人與存檔當下一致;事件紀錄回放 | I27: 載入過程有沒有「不知道在等什麼」的空白期?
A28: SAVE-03 | B28: P1 | C28: 完成一章 · 結算繼承 | D28: 1. 湊滿 3 線索 2. 按「📖 推進幕」 | E28: 章節結算播報(獲得經驗)→ 回牌組大廳顯示「第 2 章」;自動存檔;有受傷則名冊顯示 🩸/🧠 創傷 | I28: 知道拿到多少經驗、下一步做什麼嗎?
A29: C. 雙人流程(需兩台或兩個無痕視窗)
A30: MULTI-01 | B30: P0 | C30: 找到朋友的桌 · 加入 | D30: 1. A 建沙盒桌 2. B 不做任何事,只看主選單 3. B 按「加入」 | E30: B 的「進行中桌次」自動出現 A 的桌(桌名/人數/戰役);加入後同一名冊 2 人 | I30: 不用報房號,B 直覺找得到嗎?
A31: MULTI-02 | B31: P1 | C31: 選角衝突 | D31: 1. A 選 Joe Diamond 2. B 也試選 Joe Diamond | E31: B 被擋,訊息「已被隊友選走」;下拉中該角色為不可選
A32: MULTI-03 | B32: P0 | C32: 準備屏障 | D32: 1. A 按「準備完成」 2. 等 10 秒 3. B 按「準備完成」 | E32: A 按完不開打(名冊 1/2 就緒);B 按完兩人同時進戰役板 | I32: A 等待時知道在等誰嗎?
A33: MULTI-04 | B33: P0 | C33: 自由順序(設計特色) | D33: 兩人同時各自行動(A 調查、B 移動) | E33: 兩邊都能立刻操作,不會「還沒輪到你」;行動數各自獨立扣 | I33: 同時動會不會亂?語音溝通夠嗎?
A34: MULTI-05 | B34: P0 | C34: 協力投入(合作感) | D34: 1. 兩人站同一格 2. A 按「調查」 3. B 在自己畫面投 1 張 4. A 送出 | E34: B 也跳出投入面板;A 可投多張、B 面板寫「最多 1 張(協助隊友)」;兩人都回覆才結算,雙方都看到結果 | I34: B 知道自己在幫 A 嗎?等待對方時會焦慮嗎?
A35: MULTI-06 | B35: P1 | C35: 分頭行動 | D35: 1. B 移到別的格 2. A 在原地調查 | E35: B 不再收到 A 的投入面板;地圖上看得到對方位置 | I35: 看得出隊友在哪、狀態如何嗎?
A36: MULTI-07 | B36: P1 | C36: 全員結束回合 + 階段演出 | D36: 1. A 按「✋ 我打完了」 2. 等 10 秒 3. B 按「✋ 我打完了」 | E36: A 小卡顯示「完成 1/2,等隊友」;B 按完才進敵人階段;階段一段一段演(敵人 → 整備) | I36: 等待會煩躁嗎?演出速度(約 0.6 秒/段)適當嗎?
A37: MULTI-08 | B37: P0 | C37: 多人存檔繼承 | D37: 1. A 發起「保存並離開」,兩人同意 2. 兩人都離開 3. 改由 B 從自己本機存檔重開 4. A 從桌次清單加入 5. 兩人按就緒 | E37: 兩人本機都有存檔;由誰重開都可以;續玩後兩人角色/位置/戰果正確 | I37: 「存檔複製到每人電腦、誰都能開」朋友理解嗎?
A38: D. 意外狀況
A39: EDGE-01 | B39: P0 | C39: 掉線重連(接手) | D39: 1. 遊戲中 B 直接關掉分頁 2. 等 10 秒 3. B 重開網址、從清單加入 | E39: 名冊顯示 B 掉線;B 回來接回原調查員、狀態不變;若掉線時卡在投入面板,回來重新問一次 | I39: A 等待時知道 B 掉線、可以等他嗎?
A40: EDGE-02 | B40: P2 | C40: 換裝置(席位認領) | D40: 1. B 用另一個無痕視窗(新身分)加入同桌 2. 對名冊上「離線的 B」按「🔑 這是我」 3. A 同意 | E40: 投票通過後新身分繼承角色/牌組/經驗/創傷;舊席位消失 | I40: 流程對真人會不會太複雜?
A41: EDGE-03 | B41: P1 | C41: 手牌爆量 · 自選棄牌 | D41: 1. 連續抽牌使手牌 > 8 2. 結束回合(整備再抽 1) | E41: 跳出棄牌面板由自己選棄哪幾張;沒棄完不能行動,但隊友照常玩 | I41: 知道為什麼跳這面板嗎?被擋行動時說明清楚嗎?

Sheet 結果統計
A1: 結果統計(自動計算,來源:測試案例)
A3: 分類 | B3: 案例數 | C3: 通過 P | D3: 失敗 F | E3: 阻斷 B | F3: 未測 N | G3: 😀 | H3: 😐 | I3: 😖
A4: A 單人流程 | B4: =COUNTIF(測試案例!$A$15:$A$41,"SOLO-*") | C4: =COUNTIFS(測試案例!$A$15:$A$41,"SOLO-*",測試案例!$G$15:$G$41,"P") | D4: =COUNTIFS(測試案例!$A$15:$A$41,"SOLO-*",測試案例!$G$15:$G$41,"F") | E4: =COUNTIFS(測試案例!$A$15:$A$41,"SOLO-*",測試案例!$G$15:$G$41,"B") | F4: =COUNTIFS(測試案例!$A$15:$A$41,"SOLO-*",測試案例!$G$15:$G$41,"N") | G4: =COUNTIFS(測試案例!$A$15:$A$41,"SOLO-*",測試案例!$H$15:$H$41,"😀") | H4: =COUNTIFS(測試案例!$A$15:$A$41,"SOLO-*",測試案例!$H$15:$H$41,"😐") | I4: =COUNTIFS(測試案例!$A$15:$A$41,"SOLO-*",測試案例!$H$15:$H$41,"😖")
A5: B 存檔續玩 | B5: =COUNTIF(測試案例!$A$15:$A$41,"SAVE-*") | C5: =COUNTIFS(測試案例!$A$15:$A$41,"SAVE-*",測試案例!$G$15:$G$41,"P") | D5: =COUNTIFS(測試案例!$A$15:$A$41,"SAVE-*",測試案例!$G$15:$G$41,"F") | E5: =COUNTIFS(測試案例!$A$15:$A$41,"SAVE-*",測試案例!$G$15:$G$41,"B") | F5: =COUNTIFS(測試案例!$A$15:$A$41,"SAVE-*",測試案例!$G$15:$G$41,"N") | G5: =COUNTIFS(測試案例!$A$15:$A$41,"SAVE-*",測試案例!$H$15:$H$41,"😀") | H5: =COUNTIFS(測試案例!$A$15:$A$41,"SAVE-*",測試案例!$H$15:$H$41,"😐") | I5: =COUNTIFS(測試案例!$A$15:$A$41,"SAVE-*",測試案例!$H$15:$H$41,"😖")
A6: C 雙人流程 | B6: =COUNTIF(測試案例!$A$15:$A$41,"MULTI-*") | C6: =COUNTIFS(測試案例!$A$15:$A$41,"MULTI-*",測試案例!$G$15:$G$41,"P") | D6: =COUNTIFS(測試案例!$A$15:$A$41,"MULTI-*",測試案例!$G$15:$G$41,"F") | E6: =COUNTIFS(測試案例!$A$15:$A$41,"MULTI-*",測試案例!$G$15:$G$41,"B") | F6: =COUNTIFS(測試案例!$A$15:$A$41,"MULTI-*",測試案例!$G$15:$G$41,"N") | G6: =COUNTIFS(測試案例!$A$15:$A$41,"MULTI-*",測試案例!$H$15:$H$41,"😀") | H6: =COUNTIFS(測試案例!$A$15:$A$41,"MULTI-*",測試案例!$H$15:$H$41,"😐") | I6: =COUNTIFS(測試案例!$A$15:$A$41,"MULTI-*",測試案例!$H$15:$H$41,"😖")
A7: D 意外狀況 | B7: =COUNTIF(測試案例!$A$15:$A$41,"EDGE-*") | C7: =COUNTIFS(測試案例!$A$15:$A$41,"EDGE-*",測試案例!$G$15:$G$41,"P") | D7: =COUNTIFS(測試案例!$A$15:$A$41,"EDGE-*",測試案例!$G$15:$G$41,"F") | E7: =COUNTIFS(測試案例!$A$15:$A$41,"EDGE-*",測試案例!$G$15:$G$41,"B") | F7: =COUNTIFS(測試案例!$A$15:$A$41,"EDGE-*",測試案例!$G$15:$G$41,"N") | G7: =COUNTIFS(測試案例!$A$15:$A$41,"EDGE-*",測試案例!$H$15:$H$41,"😀") | H7: =COUNTIFS(測試案例!$A$15:$A$41,"EDGE-*",測試案例!$H$15:$H$41,"😐") | I7: =COUNTIFS(測試案例!$A$15:$A$41,"EDGE-*",測試案例!$H$15:$H$41,"😖")
A8: 合計 | B8: =SUM(B4:B7) | C8: =SUM(C4:C7) | D8: =SUM(D4:D7) | E8: =SUM(E4:E7) | F8: =SUM(F4:F7) | G8: =SUM(G4:G7) | H8: =SUM(H4:H7) | I8: =SUM(I4:I7)
A10: 通過率 | B10: =IF(C8+D8=0,"未開始",C8/(C8+D8)) | C10: =通過 ÷(通過+失敗),未測不計入
A11: 執行率 | B11: =IF(B8=0,"-",(B8-F8)/B8) | C11: =(案例數 - 未測) ÷ 案例數
A12: 手感警訊 | B12: =H8+I8 | C12: =😐 + 😖 的總數,每一項都該有對應缺陷記錄

Sheet 缺陷記錄
A1: 缺陷記錄(每個 F / 😐 / 😖 填一列)
A3: # | B3: 對應案例 | C3: 嚴重度 | D3: 現象(實際看到什麼) | E3: 期待(應該看到什麼) | F3: 重現步驟 | G3: 截圖檔名
A4: 1 | B4: SOLO-09 | C4: S3 一般 | D4: 被趁隙攻擊時只有文字 log,畫面沒有任何提示 | E4: 應該全螢幕紅閃 + 飄「-1 ❤️」 | F4: 沙盒 → 實戰巷 → 交戰中按「抽牌」 | G4: shot-01.png | H4: ← 範例列(填寫前請刪除)
A5: 2
A6: 3
A7: 4
A8: 5
A9: 6
A10: 7
A11: 8
A12: 9
A13: 10
A14: 11
A15: 12
A16: 13
... A29: 26

Sheet 整體評估
A1: 整體評估(玩完後填)
A3: 面向 | B3: 評分 1–5 | C3: 一句話說明
A4: 看得懂:不用問人就知道怎麼玩
A5: 回饋清楚:被打/打中/成功失敗一眼可知
A6: 操作順:想做的事找得到按鈕、不誤觸
A7: 合作感:雙人一起玩有互動的感覺
A8: 節奏:等待/演出/回合長度舒適
A9: 穩定:無卡住、錯誤訊息、需重整
A10: 平均 | B10: =IF(COUNT(B4:B9)=0,"-",AVERAGE(B4:B9))
A12: 最想改的 3 件事
A13: # | B13: 描述 | C13: 對應案例編號
A14: 1
A15: 2
A16: 3
A18: 會不會想再玩一次? | C18: 原因:
A19: 原因說明
